<config>
   <layout_active_index>-1</layout_active_index>
   <absFixType>predefined</absFixType>
   <bgrTextureEnabled>false</bgrTextureEnabled>
   <blockAbsoluteMove>false</blockAbsoluteMove>
   <dimNavigationBar>false</dimNavigationBar>
   <graphic_filter>1</graphic_filter>
   <hideNavigationBar>false</hideNavigationBar>
   <layouts class="java.util.ArrayList">
      <layout>
         <dblTap>
            <enabled>false</enabled>
            <mouseButton>right</mouseButton>
            <zoom>false</zoom>
         </dblTap>
         <longpress>
            <enabled>false</enabled>
            <infoMessage></infoMessage>
            <mouseButton>right</mouseButton>
            <showInfo>false</showInfo>
            <timing>700</timing>
            <vibrate>false</vibrate>
         </longpress>
         <name></name>
         <swipes>
            <swipeitems class="java.util.ArrayList">
               <swipeitem>
                  <after_swipe>move_mouse_and_click</after_swipe>
                  <direction>up</direction>
                  <enabled>false</enabled>
                  <key_up_on_next_touch>false</key_up_on_next_touch>
               </swipeitem>
               <swipeitem>
                  <after_swipe>move_mouse_and_click</after_swipe>
                  <direction>down</direction>
                  <enabled>false</enabled>
                  <key_up_on_next_touch>false</key_up_on_next_touch>
               </swipeitem>
               <swipeitem>
                  <after_swipe>move_mouse_and_click</after_swipe>
                  <direction>left</direction>
                  <enabled>false</enabled>
                  <key_up_on_next_touch>false</key_up_on_next_touch>
               </swipeitem>
               <swipeitem>
                  <after_swipe>move_mouse_and_click</after_swipe>
                  <direction>right</direction>
                  <enabled>false</enabled>
                  <key_up_on_next_touch>false</key_up_on_next_touch>
               </swipeitem>
            </swipeitems>
         </swipes>
         <triggers class="java.util.ArrayList"/>
         <triggersEnabled>false</triggersEnabled>
         <twoPointTap>
            <doMouseDownOnly>false</doMouseDownOnly>
            <enabled>false</enabled>
            <mouseButton>right</mouseButton>
         </twoPointTap>
         <layers class="java.util.ArrayList">
            <layer>
               <modal>false</modal>
               <name>916c72af-31a5-4375-80bd-37bcec99ee19</name>
               <title>Capa 1</title>
               <visible_at_start>true</visible_at_start>
               <widgets class="java.util.ArrayList">
                  <uiWidget class="magiclib.layout.widgets.KeyWidget">
                     <name>6683ed51-a9be-4151-b414-a6765d30d7dd</name>
                     <percentageHeightL>17.5</percentageHeightL>
                     <percentageHeightP>9.84375</percentageHeightP>
                     <percentageLeftL>0.0</percentageLeftL>
                     <percentageLeftP>82.43065198262532</percentageLeftP>
                     <percentageTopL>0.06934801737467447</percentageTopL>
                     <percentageTopP>0.0</percentageTopP>
                     <percentageWidthL>9.84375</percentageWidthL>
                     <percentageWidthP>17.5</percentageWidthP>
                     <transparency>100</transparency>
                     <backgroundColor>-16777216</backgroundColor>
                     <designIndex>1664289538057</designIndex>
                     <text>
                        <name>ea3f5fcb-5130-4a8a-9b44-1ce095e557b3</name>
                        <percentageHeightL>25.396825396825395</percentageHeightL>
                        <percentageHeightP>25.396825396825395</percentageHeightP>
                        <percentageLeftL>37.301587301587304</percentageLeftL>
                        <percentageLeftP>37.301587301587304</percentageLeftP>
                        <percentageTopL>37.301587301587304</percentageTopL>
                        <percentageTopP>37.301587301587304</percentageTopP>
                        <percentageWidthL>25.396825396825395</percentageWidthL>
                        <percentageWidthP>25.396825396825395</percentageWidthP>
                        <transparency>255</transparency>
                        <antiAliasOn>true</antiAliasOn>
                        <text>1</text>
                        <textAlign>middle</textAlign>
                        <textColor>-1</textColor>
                     </text>
                     <type>key</type>
                     <autoFire>false</autoFire>
                     <keys class="java.util.ArrayList">
                        <key>
                           <alt>false</alt>
                           <ctrl>false</ctrl>
                           <enabled>true</enabled>
                           <keyCode>8</keyCode>
                           <shift>false</shift>
                        </key>
                        <key>
                           <alt>false</alt>
                           <ctrl>false</ctrl>
                           <enabled>false</enabled>
                           <keyCode>-1</keyCode>
                           <shift>false</shift>
                        </key>
                     </keys>
                     <toggle>false</toggle>
                  </uiWidget>
                  <uiWidget class="magiclib.layout.widgets.KeyWidget">
                     <name>d4f907b8-dc48-473e-a795-caec877a55c0</name>
                     <percentageHeightL>17.5</percentageHeightL>
                     <percentageHeightP>9.84375</percentageHeightP>
                     <percentageLeftL>10.74708104133606</percentageLeftL>
                     <percentageLeftP>82.48905817667644</percentageLeftP>
                     <percentageTopL>0.010941823323567709</percentageTopL>
                     <percentageTopP>10.74708104133606</percentageTopP>
                     <percentageWidthL>9.84375</percentageWidthL>
                     <percentageWidthP>17.5</percentageWidthP>
                     <transparency>100</transparency>
                     <backgroundColor>-16777216</backgroundColor>
                     <designIndex>1664289558809</designIndex>
                     <text>
                        <name>8786e2a4-3144-45aa-9bfb-a5359d2bd895</name>
                        <percentageHeightL>25.396825396825395</percentageHeightL>
                        <percentageHeightP>25.396825396825395</percentageHeightP>
                        <percentageLeftL>37.301587301587304</percentageLeftL>
                        <percentageLeftP>37.301587301587304</percentageLeftP>
                        <percentageTopL>37.301587301587304</percentageTopL>
                        <percentageTopP>37.301587301587304</percentageTopP>
                        <percentageWidthL>25.396825396825395</percentageWidthL>
                        <percentageWidthP>25.396825396825395</percentageWidthP>
                        <transparency>255</transparency>
                        <antiAliasOn>true</antiAliasOn>
                        <text>2</text>
                        <textAlign>middle</textAlign>
                        <textColor>-1</textColor>
                     </text>
                     <type>key</type>
                     <autoFire>false</autoFire>
                     <keys class="java.util.ArrayList">
                        <key>
                           <alt>false</alt>
                           <ctrl>false</ctrl>
                           <enabled>true</enabled>
                           <keyCode>9</keyCode>
                           <shift>false</shift>
                        </key>
                        <key>
                           <alt>false</alt>
                           <ctrl>false</ctrl>
                           <enabled>false</enabled>
                           <keyCode>-1</keyCode>
                           <shift>false</shift>
                        </key>
                     </keys>
                     <toggle>false</toggle>
                  </uiWidget>
                  <uiWidget class="magiclib.layout.widgets.KeyWidget">
                     <name>f09e1a79-99f9-4375-a8cc-f7b4733ad1d7</name>
                     <percentageHeightL>17.5</percentageHeightL>
                     <percentageHeightP>9.84375</percentageHeightP>
                     <percentageLeftL>21.55017614364624</percentageLeftL>
                     <percentageLeftP>81.89242151048448</percentageLeftP>
                     <percentageTopL>0.6075784895155165</percentageTopL>
                     <percentageTopP>21.55017614364624</percentageTopP>
                     <percentageWidthL>9.84375</percentageWidthL>
                     <percentageWidthP>17.5</percentageWidthP>
                     <transparency>100</transparency>
                     <backgroundColor>-16777216</backgroundColor>
                     <designIndex>1664289598059</designIndex>
                     <text>
                        <name>42734ce1-6394-45a5-9054-3940b6edc24b</name>
                        <percentageHeightL>25.396825396825395</percentageHeightL>
                        <percentageHeightP>25.396825396825395</percentageHeightP>
                        <percentageLeftL>37.301587301587304</percentageLeftL>
                        <percentageLeftP>37.301587301587304</percentageLeftP>
                        <percentageTopL>37.301587301587304</percentageTopL>
                        <percentageTopP>37.301587301587304</percentageTopP>
                        <percentageWidthL>25.396825396825395</percentageWidthL>
                        <percentageWidthP>25.396825396825395</percentageWidthP>
                        <transparency>255</transparency>
                        <antiAliasOn>true</antiAliasOn>
                        <text>3</text>
                        <textAlign>middle</textAlign>
                        <textColor>-1</textColor>
                     </text>
                     <type>key</type>
                     <autoFire>false</autoFire>
                     <keys class="java.util.ArrayList">
                        <key>
                           <alt>false</alt>
                           <ctrl>false</ctrl>
                           <enabled>true</enabled>
                           <keyCode>10</keyCode>
                           <shift>false</shift>
                        </key>
                        <key>
                           <alt>false</alt>
                           <ctrl>false</ctrl>
                           <enabled>false</enabled>
                           <keyCode>-1</keyCode>
                           <shift>false</shift>
                        </key>
                     </keys>
                     <toggle>false</toggle>
                  </uiWidget>
                  <uiWidget class="magiclib.layout.widgets.KeyWidget">
                     <name>4ebdb3a2-78e4-446d-976b-2f52f21120a4</name>
                     <percentageHeightL>17.5</percentageHeightL>
                     <percentageHeightP>9.84375</percentageHeightP>
                     <percentageLeftL>32.442870140075684</percentageLeftL>
                     <percentageLeftP>82.25747426350911</percentageLeftP>
                     <percentageTopL>0.2425257364908854</percentageTopL>
                     <percentageTopP>32.442870140075684</percentageTopP>
                     <percentageWidthL>9.84375</percentageWidthL>
                     <percentageWidthP>17.5</percentageWidthP>
                     <transparency>100</transparency>
                     <backgroundColor>-16777216</backgroundColor>
                     <designIndex>1664289623932</designIndex>
                     <text>
                        <name>741e1919-74f7-42ea-b47c-dfb368fd1c66</name>
                        <percentageHeightL>25.396825396825395</percentageHeightL>
                        <percentageHeightP>25.396825396825395</percentageHeightP>
                        <percentageLeftL>37.301587301587304</percentageLeftL>
                        <percentageLeftP>37.301587301587304</percentageLeftP>
                        <percentageTopL>37.301587301587304</percentageTopL>
                        <percentageTopP>37.301587301587304</percentageTopP>
                        <percentageWidthL>25.396825396825395</percentageWidthL>
                        <percentageWidthP>25.396825396825395</percentageWidthP>
                        <transparency>255</transparency>
                        <antiAliasOn>true</antiAliasOn>
                        <text>4</text>
                        <textAlign>middle</textAlign>
                        <textColor>-1</textColor>
                     </text>
                     <type>key</type>
                     <autoFire>false</autoFire>
                     <keys class="java.util.ArrayList">
                        <key>
                           <alt>false</alt>
                           <ctrl>false</ctrl>
                           <enabled>true</enabled>
                           <keyCode>11</keyCode>
                           <shift>false</shift>
                        </key>
                        <key>
                           <alt>false</alt>
                           <ctrl>false</ctrl>
                           <enabled>false</enabled>
                           <keyCode>-1</keyCode>
                           <shift>false</shift>
                        </key>
                     </keys>
                     <toggle>false</toggle>
                  </uiWidget>
                  <uiWidget class="magiclib.layout.widgets.KeyWidget">
                     <name>dfab13f2-db8a-4ccd-bf1e-cd6949fb2522</name>
                     <percentageHeightL>17.5</percentageHeightL>
                     <percentageHeightP>9.84375</percentageHeightP>
                     <percentageLeftL>43.592166900634766</percentageLeftL>
                     <percentageLeftP>82.43065198262532</percentageLeftP>
                     <percentageTopL>0.06934801737467447</percentageTopL>
                     <percentageTopP>43.592166900634766</percentageTopP>
                     <percentageWidthL>9.84375</percentageWidthL>
                     <percentageWidthP>17.5</percentageWidthP>
                     <transparency>100</transparency>
                     <backgroundColor>-16777216</backgroundColor>
                     <designIndex>1664289634756</designIndex>
                     <text>
                        <name>3bd94402-1f3a-4a40-9426-a4be310ba1a1</name>
                        <percentageHeightL>25.396825396825395</percentageHeightL>
                        <percentageHeightP>25.396825396825395</percentageHeightP>
                        <percentageLeftL>37.301587301587304</percentageLeftL>
                        <percentageLeftP>37.301587301587304</percentageLeftP>
                        <percentageTopL>37.301587301587304</percentageTopL>
                        <percentageTopP>37.301587301587304</percentageTopP>
                        <percentageWidthL>25.396825396825395</percentageWidthL>
                        <percentageWidthP>25.396825396825395</percentageWidthP>
                        <transparency>255</transparency>
                        <antiAliasOn>true</antiAliasOn>
                        <text>5</text>
                        <textAlign>middle</textAlign>
                        <textColor>-1</textColor>
                     </text>
                     <type>key</type>
                     <autoFire>false</autoFire>
                     <keys class="java.util.ArrayList">
                        <key>
                           <alt>false</alt>
                           <ctrl>false</ctrl>
                           <enabled>true</enabled>
                           <keyCode>12</keyCode>
                           <shift>false</shift>
                        </key>
                        <key>
                           <alt>false</alt>
                           <ctrl>false</ctrl>
                           <enabled>false</enabled>
                           <keyCode>-1</keyCode>
                           <shift>false</shift>
                        </key>
                     </keys>
                     <toggle>false</toggle>
                  </uiWidget>
                  <uiWidget class="magiclib.layout.widgets.KeyWidget">
                     <name>4c7ca0ba-1009-4be2-b0c9-caa389a1a709</name>
                     <percentageHeightL>17.5</percentageHeightL>
                     <percentageHeightP>9.84375</percentageHeightP>
                     <percentageLeftL>66.2328052520752</percentageLeftL>
                     <percentageLeftP>82.10298114352756</percentageLeftP>
                     <percentageTopL>0.3970188564724393</percentageTopL>
                     <percentageTopP>66.2328052520752</percentageTopP>
                     <percentageWidthL>9.84375</percentageWidthL>
                     <percentageWidthP>17.5</percentageWidthP>
                     <transparency>100</transparency>
                     <backgroundColor>-16777216</backgroundColor>
                     <designIndex>1664289696739</designIndex>
                     <text>
                        <name>f05725f8-0ee5-4ba0-bf59-92d264dc8b22</name>
                        <percentageHeightL>25.396825396825395</percentageHeightL>
                        <percentageHeightP>25.396825396825395</percentageHeightP>
                        <percentageLeftL>37.301587301587304</percentageLeftL>
                        <percentageLeftP>37.301587301587304</percentageLeftP>
                        <percentageTopL>37.301587301587304</percentageTopL>
                        <percentageTopP>37.301587301587304</percentageTopP>
                        <percentageWidthL>25.396825396825395</percentageWidthL>
                        <percentageWidthP>25.396825396825395</percentageWidthP>
                        <transparency>255</transparency>
                        <antiAliasOn>true</antiAliasOn>
                        <text>7</text>
                        <textAlign>middle</textAlign>
                        <textColor>-1</textColor>
                     </text>
                     <type>key</type>
                     <autoFire>false</autoFire>
                     <keys class="java.util.ArrayList">
                        <key>
                           <alt>false</alt>
                           <ctrl>false</ctrl>
                           <enabled>true</enabled>
                           <keyCode>14</keyCode>
                           <shift>false</shift>
                        </key>
                        <key>
                           <alt>false</alt>
                           <ctrl>false</ctrl>
                           <enabled>false</enabled>
                           <keyCode>-1</keyCode>
                           <shift>false</shift>
                        </key>
                     </keys>
                     <toggle>false</toggle>
                  </uiWidget>
                  <uiWidget class="magiclib.layout.widgets.KeyWidget">
                     <name>39afd4a2-2860-4016-a0eb-70d9dd27c5b0</name>
                     <percentageHeightL>17.5</percentageHeightL>
                     <percentageHeightP>9.84375</percentageHeightP>
                     <percentageLeftL>54.814958572387695</percentageLeftL>
                     <percentageLeftP>81.91651238335503</percentageLeftP>
                     <percentageTopL>0.5834876166449653</percentageTopL>
                     <percentageTopP>54.814958572387695</percentageTopP>
                     <percentageWidthL>9.84375</percentageWidthL>
                     <percentageWidthP>17.5</percentageWidthP>
                     <transparency>100</transparency>
                     <backgroundColor>-16777216</backgroundColor>
                     <designIndex>1664289724797</designIndex>
                     <text>
                        <name>04dda632-a96c-496f-97bc-abaedc108b51</name>
                        <percentageHeightL>25.396825396825395</percentageHeightL>
                        <percentageHeightP>25.396825396825395</percentageHeightP>
                        <percentageLeftL>37.301587301587304</percentageLeftL>
                        <percentageLeftP>37.301587301587304</percentageLeftP>
                        <percentageTopL>37.301587301587304</percentageTopL>
                        <percentageTopP>37.301587301587304</percentageTopP>
                        <percentageWidthL>25.396825396825395</percentageWidthL>
                        <percentageWidthP>25.396825396825395</percentageWidthP>
                        <transparency>255</transparency>
                        <antiAliasOn>true</antiAliasOn>
                        <text>6</text>
                        <textAlign>middle</textAlign>
                        <textColor>-1</textColor>
                     </text>
                     <type>key</type>
                     <autoFire>false</autoFire>
                     <keys class="java.util.ArrayList">
                        <key>
                           <alt>false</alt>
                           <ctrl>false</ctrl>
                           <enabled>true</enabled>
                           <keyCode>13</keyCode>
                           <shift>false</shift>
                        </key>
                        <key>
                           <alt>false</alt>
                           <ctrl>false</ctrl>
                           <enabled>false</enabled>
                           <keyCode>-1</keyCode>
                           <shift>false</shift>
                        </key>
                     </keys>
                     <toggle>false</toggle>
                  </uiWidget>
                  <uiWidget class="magiclib.layout.widgets.KeyWidget">
                     <name>0b32fcbf-b6df-453c-b65b-71905b76df5b</name>
                     <percentageHeightL>17.5</percentageHeightL>
                     <percentageHeightP>9.84375</percentageHeightP>
                     <percentageLeftL>77.93807983398438</percentageLeftL>
                     <percentageLeftP>81.89512994554308</percentageLeftP>
                     <percentageTopL>0.6048700544569228</percentageTopL>
                     <percentageTopP>77.93807983398438</percentageTopP>
                     <percentageWidthL>9.84375</percentageWidthL>
                     <percentageWidthP>17.5</percentageWidthP>
                     <transparency>100</transparency>
                     <backgroundColor>-16777216</backgroundColor>
                     <designIndex>1664289735805</designIndex>
                     <text>
                        <name>8c303d95-adfa-4130-834a-745f8606e690</name>
                        <percentageHeightL>25.396825396825395</percentageHeightL>
                        <percentageHeightP>96.03174603174604</percentageHeightP>
                        <percentageLeftL>1.984126984126984</percentageLeftL>
                        <percentageLeftP>37.301587301587304</percentageLeftP>
                        <percentageTopL>37.301587301587304</percentageTopL>
                        <percentageTopP>1.984126984126984</percentageTopP>
                        <percentageWidthL>96.03174603174604</percentageWidthL>
                        <percentageWidthP>25.396825396825395</percentageWidthP>
                        <transparency>255</transparency>
                        <antiAliasOn>true</antiAliasOn>
                        <text>backspace</text>
                        <textAlign>middle</textAlign>
                        <textColor>-1</textColor>
                     </text>
                     <type>key</type>
                     <autoFire>false</autoFire>
                     <keys class="java.util.ArrayList">
                        <key>
                           <alt>false</alt>
                           <ctrl>false</ctrl>
                           <enabled>true</enabled>
                           <keyCode>67</keyCode>
                           <shift>false</shift>
                        </key>
                        <key>
                           <alt>false</alt>
                           <ctrl>false</ctrl>
                           <enabled>false</enabled>
                           <keyCode>-1</keyCode>
                           <shift>false</shift>
                        </key>
                     </keys>
                     <toggle>false</toggle>
                  </uiWidget>
               </widgets>
            </layer>
         </layers>
      </layout>
   </layouts>
   <microsoftMouseFix>false</microsoftMouseFix>
   <mouse_button>left</mouse_button>
   <mouse_max_enabled>false</mouse_max_enabled>
   <mouse_max_height>0</mouse_max_height>
   <mouse_max_width>0</mouse_max_width>
   <mouse_sensitivity>100</mouse_sensitivity>
   <mouse_type>relative</mouse_type>
   <orientationLock>rotate</orientationLock>
   <percVideoScenePShiftX>0.0</percVideoScenePShiftX>
   <percVideoScenePShiftY>0.0</percVideoScenePShiftY>
   <percVideoSceneShiftX>0.0</percVideoSceneShiftX>
   <percVideoSceneShiftY>0.0</percVideoSceneShiftY>
   <roundAbsoluteByVideoMode>false</roundAbsoluteByVideoMode>
   <scaleFactor>100</scaleFactor>
   <scaleFactorP>100</scaleFactorP>
   <scaleHeight>100</scaleHeight>
   <scaleHeightP>100</scaleHeightP>
   <scaleWidth>100</scaleWidth>
   <scaleWidthP>100</scaleWidthP>
   <showGSettOnBackButton>true</showGSettOnBackButton>
   <speedPatchC>false</speedPatchC>
   <speedPatchR>false</speedPatchR>
   <startupWidgetEnabled>false</startupWidgetEnabled>
   <vibrateInDesignMode>true</vibrateInDesignMode>
   <videoScale>fit_screen</videoScale>
   <videoScaleP>fit_screen</videoScaleP>
</config>